company,date,tweets,liked,open,adj_close,volume,com_score,neg_score,pos_score
$SPX,2016-08-01,1563,1293,2173.149902,2170.840088,3505990000.0,-0.001102503576537894,0.04685121602288986,0.047391273247496465
$XLK,2016-08-01,76,148,46.450001,46.540001000000004,7841700.0,0.30468285714285726,0.010685714285714286,0.14244285714285718
$XLF,2016-08-01,92,102,23.67,23.59,32014400.0,-0.019330588235294103,0.04676470588235294,0.046270588235294126
$AAPL,2016-08-01,2817,2297,104.410004,106.050003,37499000.0,0.11645564483728399,0.022822820409803157,0.06901848131779816
$GOOG,2016-08-01,918,491,761.090027,772.880005,2664500.0,0.12303273381294962,0.011177458033573142,0.06171462829736224
$GS,2016-08-01,1402,266,158.809998,158.179993,2316300.0,0.04982864357864336,0.021533189033189012,0.04371139971139979
$JPM,2016-08-01,232,293,64.150002,63.799999,11422600.0,0.05950622222222225,0.023702222222222222,0.0495288888888889
$SPX,2016-08-02,1884,1306,2169.939941,2157.030029,3848750000.0,0.0008084690553745932,0.05859022801302925,0.05642410423452773
$XLK,2016-08-02,75,94,46.450001,46.189999,11112200.0,0.17955540540540538,0.005864864864864865,0.0844459459459459
$XLF,2016-08-02,1048,1555,23.52,23.389999,32257900.0,0.004100482625482626,0.0018812741312741312,0.0038822393822393816
$AAPL,2016-08-02,1766,1983,106.050003,104.480003,33089600.0,0.11536683168316847,0.02829269801980198,0.07421967821782173
$GOOG,2016-08-02,465,251,768.6900019999999,771.070007,1777300.0,0.13133755555555549,0.017826666666666668,0.06689555555555556
$GS,2016-08-02,1918,161,157.649994,156.059998,3182800.0,0.02633963254593158,0.034343307086614025,0.05304776902887092
$JPM,2016-08-02,174,124,63.59,63.650002,13550000.0,0.10507440476190476,0.020142857142857143,0.06519047619047619
$SPX,2016-08-03,1412,786,2156.810059,2163.790039,3786530000.0,-0.028308356290174475,0.05025803489439856,0.043584940312213064
$XLK,2016-08-03,52,96,46.150002,46.349998,7980900.0,0.05962553191489361,0.006574468085106383,0.03965957446808511
$XLF,2016-08-03,113,117,23.389999,23.629998999999998,27223000.0,-0.10445377358490564,0.07877358490566036,0.04160377358490567
$AAPL,2016-08-03,1729,1504,104.809998,105.22000200000001,30202600.0,0.06946220522625862,0.02943275971956658,0.057734225621414885
$GOOG,2016-08-03,505,233,767.179993,773.179993,1281000.0,0.07727923387096769,0.017816532258064524,0.0509435483870968
$GS,2016-08-03,1633,351,156.449997,158.33999599999999,2284700.0,0.01714223871366724,0.03252133580705006,0.04260606060606076
$JPM,2016-08-03,227,181,63.689999,64.660004,13122300.0,0.08924409090909083,0.028672727272727284,0.07645454545454546
$SPX,2016-08-04,1372,800,2163.51001,2164.25,3709200000.0,0.022645364536453653,0.04802610261026105,0.05989828982898296
$XLK,2016-08-04,55,108,46.360001000000004,46.599998,8376200.0,0.10242830188679246,0.026999999999999996,0.06747169811320755
$XLF,2016-08-04,76,103,23.610001,23.57,25477900.0,-0.002644285714285715,0.03308571428571428,0.03174285714285714
$AAPL,2016-08-04,2325,842,105.58000200000001,105.870003,27408700.0,0.0950816952209199,0.027953561767358054,0.06844860234445456
$GOOG,2016-08-04,796,230,772.219971,771.6099849999999,1139400.0,0.08604291237113394,0.011798969072164952,0.05083762886597937
$GS,2016-08-04,1836,217,158.220001,158.050003,2005700.0,0.07889266958424573,0.0332554704595185,0.07721061269146551
$JPM,2016-08-04,232,112,64.489998,64.559998,9873000.0,0.0795901785714286,0.022602678571428576,0.06425892857142859
$SPX,2016-08-05,1632,1080,2168.790039,2182.8701170000004,3663070000.0,0.017096391752577336,0.04471134020618561,0.05362002945508094
$XLK,2016-08-05,83,88,46.75,47.049999,6043600.0,0.03832948717948718,0.013794871794871795,0.03350000000000001
$XLF,2016-08-05,175,167,23.82,24.02,41714100.0,0.12401132075471709,0.0219748427672956,0.07588679245283016
$AAPL,2016-08-05,2350,1687,106.269997,107.480003,38415400.0,0.09275017761989357,0.032564831261101226,0.07554973357015961
$GOOG,2016-08-05,557,152,773.780029,782.219971,1797000.0,0.04330131086142322,0.020119850187265916,0.04002247191011235
$GS,2016-08-05,1219,174,159.75,162.08999599999999,2665800.0,0.10608486352357412,0.02506699751861036,0.07248717948717918
$JPM,2016-08-05,270,278,65.139999,66.300003,20118800.0,0.0982645418326693,0.014354581673306777,0.05446215139442231
$SPX,2016-08-08,1279,764,2183.76001,2180.889893,3327550000.0,0.02266770462633453,0.040347864768683295,0.04895017793594303
$XLK,2016-08-08,44,69,47.099998,47.040001000000004,5219600.0,0.1453159090909091,0.015045454545454546,0.07320454545454548
$XLF,2016-08-08,128,96,24.09,24.049999,36571800.0,0.17695,0.011833333333333335,0.08315873015873017
$AAPL,2016-08-08,2708,1341,107.519997,108.370003,28037200.0,0.07784897416413386,0.02513487841945293,0.05453191489361702
$GOOG,2016-08-08,449,344,782.0,781.76001,1106000.0,0.06236895734597158,0.022542654028436006,0.051805687203791424
$GS,2016-08-08,367,129,162.100006,162.830002,2266600.0,0.06839548022598863,0.02155932203389831,0.05177966101694913
$JPM,2016-08-08,288,231,66.07,66.099998,11359200.0,0.055365648854961834,0.020458015267175576,0.051458015267175534
$SPX,2016-08-09,1363,1000,2182.23999,2181.73999,3334300000.0,-0.04924947275922666,0.06335413005272424,0.04471616871704741
$XLK,2016-08-09,58,21,47.040001000000004,47.139998999999996,14918400.0,0.08030727272727273,0.01910909090909091,0.05832727272727272
$XLF,2016-08-09,83,45,24.040001,24.07,26190000.0,0.06769740259740259,0.03450649350649351,0.05667532467532467
$AAPL,2016-08-09,0,0,108.230003,108.809998,26237700.0,0.020713383838383843,0.04852777777777776,0.06010606060606064
$GOOG,2016-08-09,453,619,781.099976,784.26001,1175400.0,-0.003697722095672008,0.02909339407744872,0.035451025056947624
$GS,2016-08-09,386,117,162.5,163.440002,1957400.0,0.16526947368421055,0.013231578947368431,0.08476578947368424
$JPM,2016-08-09,281,161,66.18,65.870003,10097000.0,0.17450899280575555,0.015143884892086328,0.08897841726618712
$SPX,2016-08-10,1404,1195,2182.810059,2175.48999,3254950000.0,0.00714971705739692,0.053313662085691174,0.05977445432497986
$XLK,2016-08-10,63,47,47.16,46.990002000000004,3556200.0,0.07608888888888889,0.0125,0.039907407407407405
$XLF,2016-08-10,104,40,24.049999,23.879998999999998,27194500.0,0.03726138613861387,0.06398019801980198,0.07689108910891086
$AAPL,2016-08-10,2390,1529,108.709999,108.0,24008500.0,0.031170701454234395,0.036104362703165103,0.05248160821214706
$GOOG,2016-08-10,319,332,783.75,784.679993,784500.0,0.029042996742670992,0.03379804560260588,0.04748208469055375
$GS,2016-08-10,344,129,163.449997,162.190002,1652800.0,0.06954319526627213,0.034192307692307695,0.06715088757396442
$JPM,2016-08-10,184,129,65.91999799999999,65.279999,11452600.0,0.07024767441860465,0.03199418604651162,0.06258139534883722
$SPX,2016-08-11,1400,970,2177.969971,2185.790039,3423160000.0,0.012649591503267985,0.05208169934640523,0.06088235294117649
$XLK,2016-08-11,53,23,47.139998999999996,47.16,5259300.0,0.05273958333333333,0.02270833333333333,0.040687500000000015
$XLF,2016-08-11,76,21,23.93,23.93,20422100.0,0.037836764705882354,0.03875000000000001,0.062264705882352944
$AAPL,2016-08-11,1756,1735,108.519997,107.93,24427700.0,0.05366728138013076,0.03549910767400352,0.0606240333135038
$GOOG,2016-08-11,702,429,785.0,784.849976,971100.0,0.047198525073746354,0.03034365781710913,0.05338348082595867
$GS,2016-08-11,354,324,162.199997,163.860001,1827700.0,0.09410229885057468,0.015787356321839086,0.05877011494252871
$JPM,2016-08-11,150,153,65.269997,65.459999,9604500.0,0.13693013698630135,0.020445205479452055,0.08380821917808218
$SPX,2016-08-12,1444,805,2183.73999,2184.050049,3000660000.0,0.0030398028809704354,0.03702577710386658,0.04090674753601215
$XLK,2016-08-12,37,12,47.150002,47.110001000000004,3440000.0,0.05627714285714286,0.016,0.04051428571428571
$XLF,2016-08-12,50,21,23.77,23.860001,23143800.0,0.010913333333333337,0.02137777777777778,0.022555555555555554
$AAPL,2016-08-12,2040,1928,107.779999,108.18,18612300.0,0.047953188259109186,0.022861842105263177,0.04210475708502021
$GOOG,2016-08-12,483,328,781.5,783.219971,738300.0,0.11832339055793985,0.025012875536480683,0.0718583690987125
$GS,2016-08-12,431,202,162.669998,163.25,1434900.0,0.05859404761904754,0.019933333333333334,0.04322619047619046
$JPM,2016-08-12,193,200,64.970001,65.32,7643800.0,0.08944814814814812,0.020317460317460317,0.05931216931216932
$SPX,2016-08-15,1312,973,2186.080078,2190.149902,3078530000.0,0.01564936386768449,0.04501611535199314,0.058596268023748996
$XLK,2016-08-15,71,46,47.169998,47.34,8280700.0,0.11103142857142859,0.009614285714285714,0.05678571428571432
$XLF,2016-08-15,72,45,23.950001,24.02,21345200.0,0.14641971830985914,0.016774647887323944,0.07660563380281694
$AAPL,2016-08-15,2327,1713,108.139999,109.480003,25868200.0,0.11537949977668623,0.020857972309066553,0.0724506476105403
$GOOG,2016-08-15,341,382,783.75,782.4400019999999,936600.0,0.1561729483282674,0.019376899696048635,0.08183282674772036
$GS,2016-08-15,446,310,163.869995,165.550003,2222200.0,0.07529259259259254,0.026516203703703695,0.05692361111111104
$JPM,2016-08-15,266,152,65.559998,65.720001,8371600.0,0.110943253968254,0.02126190476190477,0.06734523809523814
$SPX,2016-08-16,1730,1017,2186.23999,2178.149902,3196400000.0,0.015044407894736893,0.03846513157894737,0.04428815789473683
$XLK,2016-08-16,49,37,47.259997999999996,46.990002000000004,4539000.0,0.02014565217391304,0.02539130434782609,0.034543478260869565
$XLF,2016-08-16,84,45,23.98,23.959999,22427500.0,0.011801282051282046,0.03130769230769232,0.03874358974358975
$AAPL,2016-08-16,3718,1652,109.629997,109.379997,33794400.0,0.08253270949720681,0.025134357541899428,0.05660726256983243
$GOOG,2016-08-16,1333,368,780.299988,777.1400150000001,1027100.0,0.0863136612021857,0.013562841530054643,0.04800546448087437
$GS,2016-08-16,382,211,164.990005,165.649994,2523800.0,0.051261394101876634,0.031058981233243986,0.05467024128686324
$JPM,2016-08-16,264,147,65.360001,65.709999,10128900.0,0.06704698795180725,0.01925301204819277,0.04587148594377508
$SPX,2016-08-17,1393,1083,2177.840088,2182.219971,3388910000.0,0.019037083333333354,0.051422500000000045,0.061058333333333235
$XLK,2016-08-17,74,74,47.009997999999996,46.970001,5287500.0,0.1118337837837838,0.004635135135135135,0.052878378378378395
$XLF,2016-08-17,82,41,23.959999,24.040001,20858300.0,0.0774346666666667,0.016479999999999998,0.04081333333333334
$AAPL,2016-08-17,2858,784,109.099998,109.220001,25356000.0,0.06238885257806812,0.037169934640522845,0.06462418300653582
$GOOG,2016-08-17,658,233,777.320007,779.909973,921400.0,0.07387192982456142,0.02676395534290271,0.05707177033492826
$GS,2016-08-17,482,242,165.940002,165.669998,2061700.0,0.07132410147991536,0.025386892177589864,0.061892177589851924
$JPM,2016-08-17,229,85,65.800003,65.889999,11850800.0,0.0357856502242153,0.046461883408071725,0.0517713004484305
$SPX,2016-08-18,1077,703,2181.899902,2187.02002,3300570000.0,-0.005046801346801326,0.05079349046015713,0.053658810325476945
$XLK,2016-08-18,58,47,46.959998999999996,46.990002000000004,3543200.0,0.05334107142857142,0.024857142857142855,0.03951785714285714
$XLF,2016-08-18,67,11,24.0,24.02,21604400.0,0.04348166666666667,0.03833333333333333,0.05495000000000001
$AAPL,2016-08-18,1497,696,109.230003,109.08000200000001,21110600.0,0.03591990189208123,0.04496706377014718,0.060245269796776434
$GOOG,2016-08-18,568,162,780.01001,777.5,718400.0,0.143143243243243,0.02376036036036037,0.08172432432432443
$GS,2016-08-18,370,363,165.33999599999999,166.059998,1750500.0,0.14009972677595614,0.018874316939890706,0.08195081967213107
$JPM,2016-08-18,191,224,65.620003,65.949997,9313600.0,0.054851336898395726,0.022385026737967915,0.039540106951871656
$SPX,2016-08-19,1151,850,2184.23999,2183.8701170000004,3084800000.0,-0.016444324853228935,0.054270058708414844,0.04993346379647747
$XLK,2016-08-19,37,30,46.860001000000004,47.02,4788100.0,0.020248571428571432,0.026085714285714285,0.03377142857142857
$XLF,2016-08-19,54,6,23.950001,24.01,24453900.0,0.04741304347826088,0.02360869565217391,0.05399999999999999
$AAPL,2016-08-19,2407,744,108.769997,109.360001,25043500.0,0.029729937722419966,0.04238612099644126,0.052818060498220555
$GOOG,2016-08-19,1106,237,775.0,775.419983,849900.0,0.07681612586037356,0.027643067846607677,0.05800294985250744
$GS,2016-08-19,418,237,165.360001,166.229996,1834100.0,0.1669686131386859,0.01537226277372263,0.08139902676399016
$JPM,2016-08-19,200,238,65.720001,65.860001,8859000.0,0.10295851063829793,0.0228031914893617,0.05690957446808512
$SPX,2016-08-22,1408,920,2181.580078,2182.639893,2777550000.0,-0.0025959546925566255,0.046988673139158624,0.04696440129449838
$XLK,2016-08-22,60,60,46.889998999999996,47.02,4625800.0,0.17911176470588233,0.021078431372549025,0.07878431372549023
$XLF,2016-08-22,103,116,23.969998999999998,24.01,26376000.0,0.13996489361702127,0.012414893617021274,0.07132978723404254
$AAPL,2016-08-22,2376,672,108.860001,108.510002,25297700.0,0.08141688255613144,0.020811744386873905,0.05439507772020724
$GOOG,2016-08-22,312,201,773.27002,772.150024,923400.0,0.25067408637873706,0.01587375415282392,0.11530564784053156
$GS,2016-08-22,411,177,166.0,166.259995,1448100.0,0.1098425742574256,0.020257425742574255,0.06458415841584146
$JPM,2016-08-22,190,275,65.75,65.800003,8752000.0,0.0751675824175824,0.026258241758241763,0.05534065934065936
$SPX,2016-08-23,1409,840,2187.810059,2186.899902,3041490000.0,0.0003899173553719032,0.04641404958677687,0.04622396694214877
$XLK,2016-08-23,57,49,47.16,47.189999,8315300.0,0.052897916666666676,0.0017708333333333335,0.020291666666666666
$XLF,2016-08-23,84,46,24.1,24.040001,24253000.0,0.058005479452054795,0.0368082191780822,0.05094520547945205
$AAPL,2016-08-23,1874,750,108.589996,108.849998,21257700.0,0.06819281009879243,0.022044456641053752,0.04910428100987929
$GOOG,2016-08-23,638,167,775.47998,772.080017,925300.0,0.10560535433070854,0.031329133858267744,0.07088346456692914
$GS,2016-08-23,352,126,167.0,166.080002,1965500.0,0.12552462908011858,0.0232433234421365,0.0756468842729969
$JPM,2016-08-23,170,216,66.07,65.769997,8949600.0,0.1010787878787879,0.0256,0.06814545454545454
$SPX,2016-08-24,1771,1198,2185.090088,2175.439941,3148280000.0,0.0035248532289628167,0.04865818656229626,0.05144487932159168
$XLK,2016-08-24,45,38,47.169998,46.93,6805400.0,0.11503409090909095,0.011295454545454546,0.04886363636363635
$XLF,2016-08-24,87,21,24.049999,24.030001000000002,19721600.0,0.1372434210526316,0.018315789473684212,0.07298684210526314
$AAPL,2016-08-24,1847,784,108.57,108.029999,23593500.0,0.06810686213349951,0.029451029320024972,0.05659887710542729
$GOOG,2016-08-24,642,289,770.580017,769.6400150000001,1071100.0,0.07232004310344861,0.05238793103448285,0.08131034482758621
$GS,2016-08-24,363,125,165.779999,165.300003,2035300.0,0.16593501400560212,0.01835574229691877,0.08886834733893544
$JPM,2016-08-24,204,298,65.989998,65.949997,10167200.0,0.051719900497512454,0.030253731343283585,0.0631542288557214
$SPX,2016-08-25,1462,786,2173.290039,2172.469971,2969310000.0,0.005154892601431979,0.04750517104216388,0.050343675417661125
$XLK,2016-08-25,54,38,46.849998,47.029999,5912700.0,0.15675918367346944,0.012244897959183673,0.07518367346938773
$XLF,2016-08-25,122,182,24.0,24.08,22136200.0,0.1347780701754386,0.01959649122807017,0.07032456140350875
$AAPL,2016-08-25,2738,1038,107.389999,107.57,25086200.0,0.06586284317412562,0.04006619029710407,0.068664159458443
$GOOG,2016-08-25,706,241,767.0,769.409973,926900.0,0.0626663338088446,0.03766904422253926,0.061798858773181205
$GS,2016-08-25,248,147,165.080002,165.899994,1441400.0,0.09838455284552836,0.026654471544715452,0.061743902439024424
$JPM,2016-08-25,165,379,65.910004,66.07,9978700.0,0.11550198675496691,0.02488079470198676,0.06614569536423842
$SPX,2016-08-26,1788,1227,2175.100098,2169.040039,3342340000.0,0.021608633540372665,0.0413683229813665,0.05365465838509317
$XLK,2016-08-26,30,18,47.0,47.049999,12093600.0,0.16648846153846153,0.015576923076923078,0.06880769230769232
$XLF,2016-08-26,93,38,24.15,24.110001,52669600.0,0.11728117647058828,0.034729411764705884,0.0895764705882353
$AAPL,2016-08-26,2901,799,107.410004,106.940002,27704400.0,0.06707274368231055,0.035031407942238225,0.0609324909747292
$GOOG,2016-08-26,624,244,769.0,769.539978,1163000.0,0.12030636833046464,0.03209638554216869,0.07904475043029253
$GS,2016-08-26,312,198,166.759995,165.970001,2400800.0,0.14862426229508183,0.015911475409836066,0.07409508196721305
$JPM,2016-08-26,173,296,66.33000200000001,66.220001,13954700.0,0.1841710059171598,0.01420710059171598,0.08169822485207098
$SPX,2016-08-29,1236,896,2170.189941,2180.3798829999996,2654780000.0,0.033154244861483516,0.03982663092046472,0.055019660411081334
$XLK,2016-08-29,55,28,47.029999,47.23,6982400.0,0.06355370370370372,0.015092592592592591,0.03898148148148148
$XLF,2016-08-29,196,122,24.17,24.32,32860700.0,0.09585555555555553,0.02547619047619048,0.06153439153439154
$AAPL,2016-08-29,2003,3237,106.620003,106.82,24970300.0,0.06651742424242417,0.033331168831168864,0.06316558441558452
$GOOG,2016-08-29,330,272,768.73999,772.150024,841000.0,0.024983548387096786,0.05583870967741928,0.07561612903225802
$GS,2016-08-29,408,247,166.600006,166.219999,2620900.0,0.07366774193548378,0.013042183622828782,0.04535235732009927
$JPM,2016-08-29,280,270,66.489998,66.949997,14583100.0,0.10103547169811325,0.011275471698113207,0.05467169811320758
$SPX,2016-08-30,1059,852,2179.449951,2176.1201170000004,3006800000.0,0.030951194184839048,0.04560539979231567,0.059153686396677084
$XLK,2016-08-30,60,23,47.139998999999996,47.07,5718200.0,-0.014056140350877192,0.02319298245614035,0.026877192982456142
$XLF,2016-08-30,234,136,24.360001,24.540001,31973300.0,0.05800446428571434,0.03966071428571429,0.06189732142857142
$AAPL,2016-08-30,7542,3261,105.800003,106.0,24863900.0,-0.022779648069840182,0.050948574546446614,0.04185527213204171
$GOOG,2016-08-30,748,491,769.330017,769.090027,1127100.0,0.2559554054054053,0.018629729729729733,0.100167567567568
$GS,2016-08-30,456,194,166.220001,169.369995,2934100.0,0.07041018099547508,0.020622171945701363,0.04787782805429861
$JPM,2016-08-30,245,182,66.949997,67.5,13791200.0,0.009010891089108916,0.04719306930693069,0.057608910891089125
$SPX,2016-08-31,1284,989,2173.560059,2170.949951,3766390000.0,0.021375302245250447,0.054291018998272905,0.06256217616580322
$XLK,2016-08-31,40,14,47.009997999999996,46.990002000000004,11161200.0,-0.05127352941176471,0.024294117647058824,0.010735294117647058
$XLF,2016-08-31,215,139,24.549999,24.559998999999998,45805100.0,0.05271057692307691,0.016774038461538465,0.04474038461538462
$AAPL,2016-08-31,2030,1987,105.660004,106.099998,28616700.0,0.05397485802787792,0.04917914300464631,0.06689055240061939
$GOOG,2016-08-31,838,299,767.01001,767.049988,1247400.0,0.0901357056694811,0.03056815440289509,0.06333655006031362
$GS,2016-08-31,610,275,169.25,169.46000700000002,3688200.0,0.026827408637873765,0.028764119601328877,0.04388372093023247
$JPM,2016-08-31,236,252,67.459999,67.5,14952300.0,0.10947014218009476,0.012597156398104265,0.05940758293838861
$SPX,2016-09-01,1353,1069,2171.330078,2170.860107,3392120000.0,0.031806290849673166,0.037767156862745094,0.050460784313725526
$XLK,2016-09-01,59,23,46.98,47.139998999999996,9239600.0,0.08624814814814817,0.0060185185185185185,0.03955555555555556
$XLF,2016-09-01,168,104,24.620001000000002,24.459999,51145800.0,-0.03802469135802469,0.05592592592592594,0.044462962962962954
$AAPL,2016-09-01,3916,2171,106.139999,106.730003,26701500.0,0.0270789501312334,0.047143832020997416,0.05602467191601058
$GOOG,2016-09-01,355,244,769.25,768.780029,923900.0,0.1038755627009648,0.03381028938906753,0.07321221864951762
$GS,2016-09-01,371,127,170.0,168.509995,2843300.0,0.04909148351648351,0.0209010989010989,0.04024725274725276
$JPM,2016-09-01,192,292,67.639999,67.209999,12226500.0,0.12949361702127654,0.02153191489361702,0.08327659574468084
$SPX,2016-09-02,1235,1114,2177.48999,2179.97998,3091120000.0,0.02330166520595975,0.04659684487291852,0.05669851007887824
$XLK,2016-09-02,44,27,47.369999,47.349998,6894600.0,0.0740878048780488,0.019317073170731707,0.04843902439024391
$XLF,2016-09-02,131,81,24.49,24.57,54319000.0,0.020606451612903212,0.038201612903225816,0.05074193548387097
$AAPL,2016-09-02,3527,1146,107.699997,107.730003,26334900.0,0.02848101045296171,0.044852787456445914,0.0573646922183506
$GOOG,2016-09-02,359,203,773.01001,771.460022,1069300.0,0.12067965116279063,0.025436046511627897,0.0777441860465116
$GS,2016-09-02,363,349,168.520004,169.179993,1745500.0,0.05713949579831931,0.03565826330532217,0.06168347338935568
$JPM,2016-09-02,173,168,67.400002,67.489998,13646900.0,0.09034733727810654,0.025136094674556214,0.05885207100591713
$SPX,2016-09-06,1144,924,2181.610107,2186.47998,3447650000.0,0.03405238549618326,0.048144083969465686,0.06145038167938932
$XLK,2016-09-06,87,52,47.380001,47.59,15059700.0,0.14526144578313252,0.006831325301204819,0.07057831325301203
$XLF,2016-09-06,108,99,24.559998999999998,24.530001000000002,48984500.0,0.027559999999999998,0.03659,0.04833999999999999
$AAPL,2016-09-06,1958,1211,107.900002,107.699997,26597600.0,0.053709339774557045,0.030837359098228715,0.05069082125603859
$GOOG,2016-09-06,403,347,773.450012,780.080017,1439900.0,0.07401348600508911,0.024796437659033086,0.05571501272264633
$GS,2016-09-06,444,300,168.720001,169.330002,2033200.0,0.0698790804597701,0.03558390804597701,0.056666666666666615
$JPM,2016-09-06,127,155,67.5,67.440002,16605100.0,0.21823140495867777,0.01734710743801653,0.10499173553719006
$SPX,2016-09-07,1091,855,2185.169922,2186.159912,3319420000.0,0.05351501035196687,0.041087991718426496,0.05864596273291924
$XLK,2016-09-07,90,90,47.59,47.709998999999996,11585000.0,0.08133768115942028,0.0015797101449275361,0.03949275362318841
$XLF,2016-09-07,115,107,24.440001000000002,24.52,31414300.0,0.07902941176470589,0.02207058823529412,0.057047058823529395
$AAPL,2016-09-07,7390,5176,107.83000200000001,108.360001,42364300.0,0.09901002021368839,0.027904129367600373,0.06730493791510285
$GOOG,2016-09-07,332,173,780.0,780.349976,893700.0,0.1387809836065573,0.024475409836065585,0.08132459016393448
$GS,2016-09-07,444,274,168.699997,169.669998,1584300.0,0.07293609195402292,0.03835172413793103,0.06596091954022991
$JPM,2016-09-07,147,166,67.160004,67.160004,10070400.0,0.12636028368794328,0.029673758865248236,0.07527659574468082
$SPX,2016-09-08,1055,1204,2182.76001,2181.300049,3727840000.0,-0.0005317894736841938,0.048895789473684205,0.05189684210526319
$XLK,2016-09-08,204,204,47.540001000000004,47.32,8161300.0,-0.015198404255319153,0.012760638297872346,0.00796276595744681
$XLF,2016-09-08,93,49,24.52,24.5,46439800.0,0.07969036144578316,0.03457831325301204,0.07875903614457833
$AAPL,2016-09-08,5518,4603,107.25,105.519997,52590800.0,0.1543087962085343,0.04053535545023705,0.09685857819905173
$GOOG,2016-09-08,331,185,778.590027,775.320007,1260600.0,0.09584937106918241,0.02635849056603773,0.06507232704402513
$GS,2016-09-08,506,467,169.350006,171.66000400000001,2985000.0,0.031096502057613183,0.04268724279835387,0.05783744855967076
$JPM,2016-09-08,195,181,67.220001,67.25,11789100.0,0.09158139534883722,0.024186046511627902,0.05999999999999999
$SPX,2016-09-09,2489,2082,2169.080078,2127.810059,4233960000.0,0.012055273698264406,0.05727636849132177,0.0606657765910102
$XLK,2016-09-09,51,49,46.889998999999996,46.16,16792500.0,0.0010468085106382994,0.014723404255319148,0.01904255319148936
$XLF,2016-09-09,98,76,24.360001,24.040001,52952200.0,-0.024334408602150543,0.04596774193548386,0.043397849462365586
$AAPL,2016-09-09,2866,1673,104.639999,103.129997,45973100.0,0.057117970170971324,0.0420418333939614,0.06444707166242247
$GOOG,2016-09-09,998,213,770.099976,759.659973,1812200.0,0.08046997971602449,0.022744421906693686,0.055618661257606464
$GS,2016-09-09,530,360,170.830002,168.570007,3360200.0,0.04147242718446601,0.03636116504854367,0.05632815533980582
$JPM,2016-09-09,289,219,67.029999,66.650002,19236600.0,0.03428666666666667,0.05915185185185186,0.06794074074074079
$SPX,2016-09-12,2168,1959,2120.860107,2159.040039,4010480000.0,0.018559632545931723,0.04979790026246715,0.06060052493438326
$XLK,2016-09-12,73,160,45.93,46.93,19010300.0,0.09599838709677419,0.009887096774193548,0.04714516129032258
$XLF,2016-09-12,137,101,23.93,24.309998999999998,70798600.0,0.11003650793650788,0.03713492063492064,0.08078571428571428
$AAPL,2016-09-12,2407,2293,102.650002,105.440002,45292800.0,-0.11853276165347408,0.08348328935795958,0.05002110817941949
$GOOG,2016-09-12,462,233,755.130005,769.02002,1286800.0,0.09101078651685404,0.03746516853932586,0.0761595505617977
$GS,2016-09-12,422,311,167.009995,171.059998,2647900.0,0.019644987775061136,0.04069193154034229,0.045779951100244534
$JPM,2016-09-12,220,118,66.139999,67.059998,16453000.0,0.1353655172413793,0.02791625615763547,0.08590640394088668
$SPX,2016-09-13,1887,2610,2150.469971,2127.02002,4141670000.0,0.008419053254437871,0.05752366863905325,0.05970887573964502
$XLK,2016-09-13,61,54,46.75,46.59,17309800.0,0.09593859649122809,0.02803508771929825,0.06052631578947369
$XLF,2016-09-13,119,68,24.030001000000002,23.879998999999998,67511500.0,-0.02118660714285715,0.0705357142857143,0.061196428571428596
$AAPL,2016-09-13,4779,2951,107.510002,107.949997,62176200.0,0.04127059080008641,0.045781120558099304,0.06766361456289509
$GOOG,2016-09-13,361,182,764.47998,759.6900019999999,1379900.0,0.12053559322033892,0.025237288135593217,0.0717768361581921
$GS,2016-09-13,443,309,168.53999299999998,167.0,2767200.0,0.018354772727272737,0.0361,0.04960681818181816
$JPM,2016-09-13,444,532,66.110001,66.529999,18505900.0,0.15830534883720915,0.0414186046511628,0.10450930232558138
$SPX,2016-09-14,1418,1201,2127.860107,2125.77002,3664100000.0,0.01268832236842105,0.05823108552631575,0.06040213815789475
$XLK,2016-09-14,100,92,46.599998,46.810001,17108700.0,0.13666705882352942,0.014635294117647059,0.06967058823529415
$XLF,2016-09-14,93,58,23.879998999999998,23.82,66196700.0,0.0818287356321839,0.031436781609195406,0.06980459770114943
$AAPL,2016-09-14,4310,4519,108.730003,111.769997,110888700.0,0.11996606835505308,0.03281165478239482,0.07966633882468648
$GOOG,2016-09-14,384,165,759.6099849999999,762.48999,1087400.0,0.06280159574468086,0.032132978723404246,0.05412500000000001
$GS,2016-09-14,525,303,167.0,166.16000400000001,1989400.0,0.03214494163424125,0.02608365758754863,0.03783657587548638
$JPM,2016-09-14,300,224,66.269997,66.400002,12457700.0,0.1845889273356401,0.03731833910034604,0.11629411764705878
$SPX,2016-09-15,1445,1398,2125.360107,2147.26001,3373720000.0,0.0018378086419753156,0.05701466049382716,0.056033950617283945
$XLK,2016-09-15,76,32,46.91,47.580002,16286300.0,0.08762741935483873,0.017516129032258066,0.05364516129032259
$XLF,2016-09-15,94,16,23.77,23.959999,55748600.0,0.02624186046511627,0.03882558139534885,0.049558139534883736
$AAPL,2016-09-15,0,0,113.860001,115.57,89983600.0,0.1339545545047291,0.04302887008461925,0.09560029865604748
$GOOG,2016-09-15,742,155,762.8900150000001,771.76001,1305100.0,0.09064441416893729,0.023535422343324237,0.059194822888283385
$GS,2016-09-15,465,333,165.779999,168.080002,1645200.0,0.05585407239819002,0.026067873303167417,0.049088235294117634
$JPM,2016-09-15,200,212,66.290001,66.639999,12531300.0,0.05082127659574469,0.02493617021276595,0.048696808510638324
$SPX,2016-09-16,1386,1175,2146.47998,2139.159912,5014360000.0,0.041108747993579414,0.04250642054574635,0.06001926163723916
$XLK,2016-09-16,68,22,47.400002,47.209998999999996,15824700.0,-0.004304838709677414,0.042806451612903224,0.04993548387096775
$XLF,2016-09-16,91,27,23.75,23.620001000000002,60023600.0,0.0005547619047619019,0.05932142857142859,0.06302380952380957
$AAPL,2016-09-16,6149,2632,115.120003,114.91999799999999,79677200.0,0.08262498739707637,0.02744580742732317,0.059829440430179785
$GOOG,2016-09-16,748,177,769.75,768.880005,2046000.0,0.05848524590163935,0.016908469945355182,0.04034016393442619
$GS,2016-09-16,463,266,167.850006,166.0,4490300.0,0.0418725663716814,0.029170353982300886,0.046814159292035376
$JPM,2016-09-16,270,332,66.089996,65.82,24799800.0,0.10507923076923074,0.03221923076923078,0.07410384615384613
$SPX,2016-09-19,1300,1061,2143.98999,2139.1201170000004,3163000000.0,-0.00013062080536911834,0.051129194630872496,0.051921979865771815
$XLK,2016-09-19,70,32,47.330002,47.119999,7116900.0,0.19644393939393937,0.009015151515151514,0.0831818181818182
$XLF,2016-09-19,273,278,19.18,19.309998999999998,50084100.0,0.028996721311475425,0.034635245901639355,0.04329098360655738
$AAPL,2016-09-19,3720,1502,115.190002,113.58000200000001,46852700.0,0.08961934144991697,0.03648090758162691,0.07121112340896503
$GOOG,2016-09-19,764,142,772.419983,765.700012,1171100.0,0.12083753315649848,0.022584880636604777,0.07365649867374006
$GS,2016-09-19,351,206,167.33999599999999,166.21000700000002,2029600.0,0.031497383720930236,0.0360029069767442,0.051072674418604615
$JPM,2016-09-19,172,236,66.150002,66.190002,12899200.0,0.09703575757575762,0.03528484848484849,0.0722121212121212
$SPX,2016-09-20,1253,993,2145.939941,2139.76001,3140730000.0,0.0519372954349697,0.048138673557278196,0.0697062876830318
$XLK,2016-09-20,62,17,47.279999,47.09,4948400.0,0.11881454545454549,0.016399999999999998,0.0666181818181818
$XLF,2016-09-20,126,54,19.450001,19.32,39605600.0,0.052413559322033905,0.03884745762711865,0.057347457627118646
$AAPL,2016-09-20,8898,8047,113.050003,113.57,34437000.0,0.02039686261184739,0.006591006909049721,0.014615018688413207
$GOOG,2016-09-20,830,214,769.0,771.409973,975300.0,0.1259272506082725,0.024858880778588822,0.08106690997566914
$GS,2016-09-20,419,189,167.679993,166.470001,1532900.0,0.04802537688442208,0.029545226130653277,0.05313819095477384
$JPM,2016-09-20,274,326,66.75,66.459999,9991300.0,0.05019883268482492,0.028066147859922178,0.05277042801556421
$SPX,2016-09-21,1581,1317,2144.580078,2163.1201170000004,3712090000.0,0.04746423512747869,0.03691359773371107,0.05353186968838518
$XLK,2016-09-21,33,8,47.27,47.619999,12047600.0,0.03204193548387098,0.037064516129032256,0.04029032258064517
$XLF,2016-09-21,123,37,19.41,19.440001000000002,63807100.0,0.060021186440677984,0.019644067796610168,0.04286440677966101
$AAPL,2016-09-21,2503,1465,113.849998,113.550003,34686700.0,0.1262573541842773,0.02883262890955197,0.07668681318681317
$GOOG,2016-09-21,872,156,772.659973,776.219971,1151400.0,0.09025522914218555,0.03148061104582844,0.07090834312573434
$GS,2016-09-21,422,196,167.419998,167.029999,2333600.0,0.035086924939467315,0.031215496368038744,0.04378692493946729
$JPM,2016-09-21,223,314,66.839996,66.839996,13623000.0,0.08330000000000001,0.02518269230769231,0.06314903846153846
$SPX,2016-09-22,1301,996,2170.939941,2177.179932,3552830000.0,0.05443035714285705,0.03968197278911563,0.06380952380952376
$XLK,2016-09-22,74,39,47.900002,47.91,10498500.0,0.0831390625,0.01503125,0.059796875000000006
$XLF,2016-09-22,116,46,19.540001,19.48,38355700.0,0.041955963302752315,0.05753211009174308,0.07393577981651377
$AAPL,2016-09-22,1795,1057,114.349998,114.620003,31074000.0,0.08507766081871333,0.027608771929824544,0.06314269005847951
$GOOG,2016-09-22,639,154,780.0,787.210022,1463600.0,0.1153102272727271,0.020212662337662342,0.0673262987012987
$GS,2016-09-22,488,248,168.449997,168.020004,2467700.0,0.023568333333333337,0.03308958333333334,0.04826249999999997
$JPM,2016-09-22,172,235,66.989998,67.389999,12781700.0,0.11214512195121956,0.027798780487804885,0.07397560975609759
$SPX,2016-09-23,1180,953,2173.290039,2164.689941,3317190000.0,0.02616093896713615,0.04816619718309856,0.05873521126760564
$XLK,2016-09-23,68,32,47.900002,47.490002000000004,11976400.0,0.10000192307692311,0.01932692307692308,0.0678653846153846
$XLF,2016-09-23,106,44,19.41,19.379998999999998,54366900.0,-0.010211111111111105,0.07390000000000001,0.07328888888888886
$AAPL,2016-09-23,0,0,114.41999799999999,112.709999,52325900.0,0.04039550147492624,0.04792182890855457,0.06608554572271397
$GOOG,2016-09-23,1324,643,786.590027,786.900024,1409500.0,0.1177127853881278,0.015071232876712332,0.06274520547945212
$GS,2016-09-23,515,229,167.75,165.130005,3393700.0,0.07065821782178221,0.03715643564356435,0.060463366336633614
$JPM,2016-09-23,158,196,67.389999,67.25,13844800.0,0.09377880794701986,0.02590066225165564,0.06603973509933776
$SPX,2016-09-26,1323,1055,2158.540039,2146.100098,3216170000.0,0.04169549319727891,0.04559693877551025,0.05976615646258509
$XLK,2016-09-26,48,47,47.290001000000004,47.209998999999996,9555300.0,0.0817512195121951,0.03587804878048781,0.06056097560975611
$XLF,2016-09-26,202,143,19.26,19.07,54105200.0,-0.02035107526881719,0.0625268817204301,0.05476881720430108
$AAPL,2016-09-26,2572,1000,111.639999,112.879997,29487000.0,0.061323618895115964,0.03991473178542841,0.06933666933546852
$GOOG,2016-09-26,467,475,782.73999,774.210022,1508500.0,0.059988840262582055,0.02401312910284464,0.05024945295404815
$GS,2016-09-26,475,402,163.830002,161.479996,2763400.0,0.007333913043478256,0.05449565217391302,0.05285000000000001
$JPM,2016-09-26,218,206,66.599998,65.779999,16320500.0,0.08308357487922705,0.03796618357487921,0.0727149758454106
$SPX,2016-09-27,1256,867,2146.040039,2159.929932,3437770000.0,0.05465354260089687,0.03862600896860986,0.06131479820627804
$XLK,2016-09-27,65,28,47.27,47.73,8775200.0,0.09386440677966103,0.03410169491525423,0.07754237288135594
$XLF,2016-09-27,154,68,19.0,19.219998999999998,47293300.0,0.04783379310344831,0.04153793103448276,0.06739310344827587
$AAPL,2016-09-27,0,0,113.0,113.089996,24576200.0,0.11253875802997845,0.02674518201284797,0.07338329764453959
$GOOG,2016-09-27,579,434,775.5,783.01001,1138800.0,0.09075304659498198,0.021878136200716842,0.06619534050179211
$GS,2016-09-27,540,337,160.720001,162.889999,2566800.0,0.06683132075471698,0.03244905660377358,0.058560377358490595
$JPM,2016-09-27,268,361,65.410004,66.360001,13580600.0,0.22250197628458504,0.018932806324110676,0.11315810276679832
$SPX,2016-09-28,1129,837,2161.850098,2171.3701170000004,3891460000.0,0.04633201542912256,0.04310703953712635,0.06370588235294113
$XLK,2016-09-28,54,44,47.77,47.82,9048400.0,0.066694,0.006520000000000001,0.029399999999999996
$XLF,2016-09-28,82,29,19.299999,19.309998999999998,42794800.0,0.07269041095890413,0.03105479452054795,0.06073972602739724
$AAPL,2016-09-28,2294,994,113.690002,113.949997,29601800.0,0.0949084684684687,0.024734684684684694,0.06618423423423424
$GOOG,2016-09-28,409,287,777.849976,781.5599980000001,1107900.0,0.008288860759493673,0.054192405063291156,0.06090632911392404
$GS,2016-09-28,415,250,163.33999599999999,163.449997,1671600.0,0.06462419753086425,0.0311111111111111,0.0550345679012345
$JPM,2016-09-28,157,185,66.58000200000001,66.709999,11188600.0,0.12243533333333334,0.039619999999999995,0.10282666666666664
$SPX,2016-09-29,1246,980,2168.899902,2151.1298829999996,4249220000.0,0.02343427272727273,0.050359090909090895,0.06076363636363637
$XLK,2016-09-29,68,41,47.759997999999996,47.529999,11404600.0,0.03939016393442623,0.02081967213114754,0.037540983606557395
$XLF,2016-09-29,218,123,19.299999,19.040001,62495500.0,-0.001629949238578697,0.05869543147208123,0.05637563451776649
$AAPL,2016-09-29,2959,1057,113.160004,112.18,35714200.0,0.08936630204657742,0.030530345800988023,0.06996153846153857
$GOOG,2016-09-29,418,309,781.4400019999999,775.01001,1301400.0,0.15513716577540096,0.02769786096256685,0.08559893048128345
$GS,2016-09-29,568,290,163.380005,158.949997,3713500.0,-0.0018827898550724405,0.0683876811594202,0.05568115942028986
$JPM,2016-09-29,233,245,66.699997,65.650002,18505400.0,-0.03831793721973098,0.06385201793721966,0.061865470852017955
$SPX,2016-09-30,1231,1027,2156.51001,2168.27002,4173340000.0,0.027320017714791884,0.04608060230292293,0.061941541186891054
$XLK,2016-09-30,43,10,47.639998999999996,47.779999,9121600.0,0.1888078947368421,0.017684210526315792,0.09526315789473683
$XLF,2016-09-30,152,47,19.139999,19.299999,47248800.0,0.006479710144927523,0.0476159420289855,0.053195652173913054
$AAPL,2016-09-30,2249,1005,112.459999,113.050003,36238600.0,0.08715377140212853,0.032824155483572454,0.06589032855159664
$GOOG,2016-09-30,394,321,776.330017,777.289978,1580300.0,0.10401038251366114,0.028232240437158457,0.069396174863388
$GS,2016-09-30,869,1264,159.949997,161.270004,4450300.0,0.3315508731082674,0.015296856810244463,0.13170430733410904
$JPM,2016-09-30,288,222,66.08000200000001,66.589996,21221900.0,0.07659999999999997,0.035349090909090906,0.06509454545454546
$SPX,2016-10-03,1203,1204,2164.330078,2161.199951,3137550000.0,0.04795221811460248,0.044061922365988895,0.06071903881700546
$XLK,2016-10-03,55,40,47.650002,47.639998999999996,6182000.0,0.04072941176470589,0.015313725490196077,0.032725490196078434
$XLF,2016-10-03,124,81,19.24,19.209999,33112300.0,0.004973504273504273,0.06668376068376067,0.06917948717948717
$AAPL,2016-10-03,1966,893,112.709999,112.519997,21630600.0,0.06970994680851057,0.042495744680850996,0.06571170212765953
$GOOG,2016-10-03,964,403,774.25,772.5599980000001,1275900.0,0.06083603504928801,0.03360240963855421,0.05637568455640742
$GS,2016-10-03,399,200,160.5,161.070007,2440900.0,0.05885923076923081,0.026294871794871798,0.050597435897435934
$JPM,2016-10-03,312,385,66.349998,66.510002,14805100.0,0.07767398648648646,0.02061824324324325,0.05571959459459459
$SPX,2016-10-04,1264,1204,2163.3701170000004,2150.48999,3750890000.0,0.020154934497816582,0.05503231441048038,0.059972925764192164
$XLK,2016-10-04,42,16,47.799999,47.470001,8782200.0,0.06937631578947369,0.008815789473684211,0.03855263157894737
$XLF,2016-10-04,145,38,19.26,19.290001,68471600.0,-0.028346715328467133,0.051386861313868604,0.044430656934306575
$AAPL,2016-10-04,2196,1155,113.059998,113.0,29652300.0,0.06385508755324179,0.035971131093232335,0.05867345007098912
$GOOG,2016-10-04,1869,557,776.030029,776.429993,1197400.0,0.058044240129799654,0.021017306652244473,0.045272038939967535
$GS,2016-10-04,438,318,161.240005,162.270004,2467500.0,0.04658283062645017,0.03095127610208817,0.050290023201856174
$JPM,2016-10-04,312,178,66.209999,66.599998,17117700.0,0.1299316831683168,0.02137623762376238,0.07778217821782185
$SPX,2016-10-05,1093,882,2155.149902,2159.72998,3906550000.0,0.02520992978936812,0.0440531594784353,0.055226680040120456
$XLK,2016-10-05,43,20,47.599998,47.639998999999996,9007600.0,0.038331707317073166,0.0036341463414634144,0.02231707317073171
$XLF,2016-10-05,179,52,19.370001000000002,19.6,58235600.0,0.08292999999999996,0.02805,0.0646625
$AAPL,2016-10-05,1759,1049,113.400002,113.050003,21240900.0,0.05072988095238074,0.04847916666666669,0.06528273809523802
$GOOG,2016-10-05,697,328,779.3099980000001,776.469971,1457100.0,0.07027580645161287,0.037712609970674486,0.06398093841642226
$GS,2016-10-05,500,248,163.320007,166.399994,2542400.0,0.0720524489795918,0.02392244897959183,0.0565244897959184
$JPM,2016-10-05,267,238,66.889999,67.690002,16113700.0,0.14634618320610684,0.01903053435114504,0.08499999999999996
$SPX,2016-10-06,1063,1050,2158.219971,2160.77002,3461550000.0,0.06282182182182182,0.0412712712712713,0.06520520520520517
$XLK,2016-10-06,35,9,47.68,47.75,4989700.0,0.09670625,0.00309375,0.0545
$XLF,2016-10-06,87,34,19.65,19.629998999999998,53286300.0,0.12208354430379748,0.015278481012658225,0.06286075949367088
$AAPL,2016-10-06,2117,1026,113.699997,113.889999,28495400.0,0.10126277939747333,0.03281778425655982,0.07463362487852293
$GOOG,2016-10-06,779,486,779.0,776.8599849999999,1066300.0,0.06708569536423842,0.0313867549668874,0.05848609271523177
$GS,2016-10-06,628,409,167.179993,167.149994,2858000.0,0.10325598705501607,0.027165048543689327,0.06809223300970867
$JPM,2016-10-06,250,226,67.730003,67.870003,17453200.0,0.1383114035087719,0.03354385964912282,0.09045175438596496
$SPX,2016-10-07,1099,1130,2164.189941,2153.73999,3619890000.0,0.06727801980197996,0.04786336633663371,0.07083861386138626
$XLK,2016-10-07,35,11,47.790001000000004,47.619999,6073900.0,0.09931935483870967,0.00864516129032258,0.05080645161290323
$XLF,2016-10-07,97,44,19.549999,19.620001000000002,55502000.0,0.09074252873563221,0.012770114942528735,0.04640229885057472
$AAPL,2016-10-07,0,0,114.309998,114.059998,24329900.0,0.1519365765765765,0.02522702702702701,0.07871711711711704
$GOOG,2016-10-07,759,201,779.659973,775.080017,930700.0,0.09955213333333328,0.026109333333333328,0.0653639999999999
$GS,2016-10-07,508,321,167.5,169.830002,3389100.0,0.12559817813765164,0.019892712550607285,0.07087449392712554
$JPM,2016-10-07,207,298,67.790001,68.110001,18376300.0,0.10816650000000001,0.019450000000000002,0.06046000000000004
$SPX,2016-10-10,1015,1058,2160.389893,2163.659912,2916550000.0,0.07519462943071967,0.03940494092373789,0.07368635875402788
$XLK,2016-10-10,97,84,47.869999,47.950001,6657800.0,0.05354065934065933,0.016615384615384615,0.03678021978021979
$XLF,2016-10-10,117,62,19.719998999999998,19.719998999999998,37952700.0,0.055782242990654235,0.03120560747663551,0.06337383177570094
$AAPL,2016-10-10,2136,1507,115.019997,116.050003,35826200.0,0.08189020669291348,0.047769685039370034,0.07928838582677156
$GOOG,2016-10-10,669,168,777.710022,785.9400019999999,1161400.0,0.09593885542168665,0.03227259036144579,0.07135391566265067
$GS,2016-10-10,474,340,170.520004,171.03999299999998,2521700.0,0.08597327394209352,0.024109131403118034,0.05906236080178177
$JPM,2016-10-10,304,351,68.339996,68.639999,12924800.0,0.11506177474402729,0.014293515358361774,0.059819112627986365
$SPX,2016-10-11,1742,1478,2161.350098,2136.72998,3438270000.0,0.031185704831237546,0.051751158173395075,0.06232428855062867
$XLK,2016-10-11,74,22,47.950001,47.41,8710300.0,0.037349180327868846,0.012360655737704918,0.03247540983606557
$XLF,2016-10-11,82,31,19.66,19.540001,77486900.0,0.07765844155844155,0.03422077922077922,0.06198701298701299
$AAPL,2016-10-11,3842,3281,117.699997,116.300003,63889900.0,0.06826535111594983,0.035622482308111124,0.06293331518780619
$GOOG,2016-10-11,814,225,786.659973,783.070007,1368000.0,0.11812139303482623,0.03310447761194028,0.07917039800995018
$GS,2016-10-11,675,417,169.83999599999999,169.03999299999998,2669000.0,0.012147887323943741,0.04493427230046936,0.06513302034428786
$JPM,2016-10-11,335,326,68.5,68.309998,15322500.0,-0.0357526645768025,0.03604075235109718,0.047235109717868325
$SPX,2016-10-12,1284,934,2137.669922,2139.179932,2977100000.0,-0.012617220279720233,0.06084965034965029,0.05164248251748252
$XLK,2016-10-12,43,32,47.450001,47.490002000000004,5513000.0,0.02529677419354839,0.028548387096774194,0.04112903225806451
$XLF,2016-10-12,125,80,19.52,19.52,50766100.0,0.06799826086956524,0.03966956521739131,0.062373913043478245
$AAPL,2016-10-12,3001,1132,117.349998,117.339996,37479600.0,0.08984500000000017,0.032405517241379335,0.06935103448275833
$GOOG,2016-10-12,813,199,783.76001,786.1400150000001,934900.0,0.043982076637824476,0.033590852904820764,0.056829419035846755
$GS,2016-10-12,376,232,169.03999299999998,169.300003,2404000.0,0.13820616246498585,0.03337254901960783,0.10362184873949573
$JPM,2016-10-12,242,171,68.260002,68.129997,11749700.0,0.02476508620689655,0.029831896551724142,0.052754310344827596
$SPX,2016-10-13,1753,1567,2130.26001,2132.550049,3580450000.0,0.014165107458912881,0.0634431099873579,0.06889633375474087
$XLK,2016-10-13,39,31,47.18,47.189999,9646300.0,0.10787948717948719,0.011153846153846153,0.05787179487179486
$XLF,2016-10-13,107,45,19.360001,19.33,73070000.0,0.026329000000000005,0.03721,0.04880000000000001
$AAPL,2016-10-13,1671,912,116.790001,116.980003,35014900.0,0.0772492698412697,0.03776126984126988,0.06722730158730167
$GOOG,2016-10-13,433,123,781.219971,778.1900019999999,1300400.0,0.05006798029556653,0.019731527093596067,0.04003448275862069
$GS,2016-10-13,403,322,167.600006,167.419998,2590900.0,0.12019664082687315,0.027258397932816533,0.08553229974160206
$JPM,2016-10-13,463,327,67.459999,67.739998,17781000.0,0.08820605381165907,0.028051569506726447,0.07008520179372199
$SPX,2016-10-14,1270,1037,2139.679932,2132.97998,3228150000.0,0.051935793991416186,0.049115021459227456,0.06914678111587988
$XLK,2016-10-14,37,41,47.380001,47.369999,9423700.0,0.1791171428571429,0.007057142857142857,0.07840000000000001
$XLF,2016-10-14,183,153,19.559998999999998,19.42,76045500.0,0.07047341040462426,0.030554913294797686,0.049982658959537574
$AAPL,2016-10-14,2045,1045,117.879997,117.629997,35539200.0,0.07023084398976973,0.0323432225063939,0.06044808184143218
$GOOG,2016-10-14,721,237,781.650024,778.530029,851100.0,0.054545058139535,0.03286337209302322,0.05785755813953489
$GS,2016-10-14,620,456,171.600006,170.520004,5278400.0,0.10542244897959177,0.03673979591836738,0.08121088435374152
$JPM,2016-10-14,1430,832,68.800003,67.519997,24028000.0,0.10512035928143693,0.02537275449101796,0.07222455089820357
$SPX,2016-10-17,1381,1090,2132.949951,2126.5,2830390000.0,0.008182268370607041,0.0501581469648562,0.05028035143769968
$XLK,2016-10-17,58,52,47.369999,47.27,5072700.0,0.09836851851851851,0.017296296296296296,0.04727777777777778
$XLF,2016-10-17,136,88,19.43,19.33,41195300.0,0.1533314516129032,0.02308870967741935,0.07598387096774195
$AAPL,2016-10-17,2531,898,117.33000200000001,117.550003,23508000.0,0.042886863711001595,0.037337438423645335,0.053562807881773415
$GOOG,2016-10-17,401,162,779.799988,779.960022,1089500.0,0.10822222222222218,0.02353229974160207,0.06582428940568481
$GS,2016-10-17,967,700,170.5,169.0,3042700.0,0.030840259740259737,0.01884740259740258,0.03443722943722942
$JPM,2016-10-17,483,215,67.41999799999999,67.16999799999999,14838600.0,0.09538939051918735,0.03460270880361173,0.07940632054176079
$SPX,2016-10-18,1255,760,2138.310059,2139.600098,3170000000.0,0.06037220779220774,0.04098354978354975,0.06340432900432896
$XLK,2016-10-18,63,48,47.619999,47.529999,5027200.0,0.08417333333333334,0.009866666666666668,0.03895
$XLF,2016-10-18,116,47,19.530001000000002,19.49,45747100.0,0.15917264150943392,0.01990566037735849,0.08143396226415094
$AAPL,2016-10-18,2160,778,118.18,117.470001,24250700.0,0.050041590361445676,0.033261686746988,0.054948915662650574
$GOOG,2016-10-18,753,296,787.849976,795.26001,1995600.0,0.118465081521739,0.02331929347826088,0.07640217391304349
$GS,2016-10-18,1409,803,172.009995,172.630005,4471400.0,0.15359977744807116,0.01563649851632047,0.08452077151335302
$JPM,2016-10-18,357,134,67.849998,67.699997,11659400.0,0.15186052631578925,0.016070175438596495,0.08394736842105258
$SPX,2016-10-19,1296,867,2140.810059,2144.290039,3362670000.0,0.04835334462320067,0.03993310753598648,0.05901693480101609
$XLK,2016-10-19,74,67,47.5,47.619999,4976600.0,0.09708142857142855,0.007857142857142858,0.04471428571428571
$XLF,2016-10-19,92,30,19.549999,19.66,49110400.0,0.1439073170731708,0.024975609756097555,0.07402439024390245
$AAPL,2016-10-19,1953,741,117.25,117.120003,19925700.0,0.059517211796246416,0.030982305630026824,0.053320107238605925
$GOOG,2016-10-19,447,189,798.23999,801.5,116600.0,0.0880067307692308,0.03368990384615385,0.07093509615384612
$GS,2016-10-19,600,373,173.369995,174.509995,3669500.0,0.08373142361111098,0.023720486111111112,0.07188368055555552
$JPM,2016-10-19,254,487,67.809998,68.349998,12565800.0,0.18558775510204065,0.024244897959183675,0.09128571428571423
$SPX,2016-10-20,1296,823,2142.51001,2141.340088,3337170000.0,0.09509896013864805,0.042282495667244395,0.07498006932409
$XLK,2016-10-20,42,44,47.5,47.400002,6143300.0,0.09553611111111111,0.01813888888888889,0.055972222222222215
$XLF,2016-10-20,82,22,19.639999,19.66,56037000.0,0.1335604938271605,0.009209876543209877,0.05271604938271607
$AAPL,2016-10-20,1858,957,116.860001,117.059998,24059600.0,0.03436647162083088,0.04251023990637804,0.05498303101228785
$GOOG,2016-10-20,820,231,803.299988,796.969971,1734200.0,0.10723845089903174,0.01731673582295988,0.059562932226832614
$GS,2016-10-20,435,346,174.0,174.509995,2469300.0,0.17053961352656996,0.018642512077294685,0.09099275362318837
$JPM,2016-10-20,341,327,68.08000200000001,68.260002,14090900.0,0.13994115853658518,0.025954268292682922,0.0758536585365853
$SPX,2016-10-21,1003,589,2139.429932,2141.159912,3448850000.0,0.06665584699453542,0.04613333333333335,0.0686349726775956
$XLK,2016-10-21,29,31,47.470001,47.529999,8076900.0,0.06797391304347825,0.014391304347826085,0.037086956521739135
$XLF,2016-10-21,69,51,19.5,19.65,38089300.0,0.081934375,0.025578125,0.046828125000000005
$AAPL,2016-10-21,1596,763,116.809998,116.599998,22384800.0,0.04463286944996679,0.037402915838303505,0.05506229290921143
$GOOG,2016-10-21,610,223,795.0,799.369995,1260500.0,0.07648395061728389,0.022516754850088187,0.05437566137566141
$GS,2016-10-21,341,311,172.83999599999999,174.669998,1996300.0,0.11313141993957698,0.014241691842900304,0.06357703927492445
$JPM,2016-10-21,230,305,67.809998,68.489998,11931600.0,0.14476467889908262,0.025541284403669734,0.07783944954128441
$SPX,2016-10-24,1334,979,2148.5,2151.330078,3357320000.0,0.05799799035369758,0.03868810289389071,0.05665675241157562
$XLK,2016-10-24,57,60,47.779999,47.990002000000004,5349400.0,0.10437547169811319,0.011471698113207546,0.06133962264150944
$XLF,2016-10-24,103,52,19.74,19.709999,30399500.0,0.030891304347826082,0.02944565217391305,0.04541304347826086
$AAPL,2016-10-24,2020,1270,117.099998,117.650002,23311700.0,0.0926103758602436,0.023228163049232413,0.057606140815246204
$GOOG,2016-10-24,345,209,804.900024,813.1099849999999,1659400.0,0.05704182389937111,0.0370566037735849,0.06095911949685533
$GS,2016-10-24,815,1376,175.5,175.119995,1940700.0,0.22610742637644085,0.01164532650448143,0.09091933418693988
$JPM,2016-10-24,287,403,68.970001,68.870003,10060000.0,0.1447716475095783,0.02354022988505747,0.07927586206896556
$SPX,2016-10-25,1141,809,2149.719971,2143.159912,3751340000.0,0.0862947876447876,0.03571428571428573,0.06813223938223939
$XLK,2016-10-25,56,38,48.060001,47.82,4342000.0,0.07741041666666668,0.032916666666666664,0.06254166666666668
$XLF,2016-10-25,72,55,19.75,19.690001000000002,36166900.0,0.06202463768115942,0.04033333333333333,0.059478260869565217
$AAPL,2016-10-25,6309,5012,117.949997,118.25,39190300.0,0.07542913343965989,0.0357914230019493,0.06637426900584803
$GOOG,2016-10-25,676,184,816.679993,807.669983,1546100.0,0.07537019867549666,0.02238631346578366,0.054156732891832225
$GS,2016-10-25,592,721,175.03999299999998,175.550003,2357900.0,0.2942721453287185,0.010953287197231836,0.12015916955017344
$JPM,2016-10-25,149,346,68.879997,68.800003,9870900.0,0.1490549295774648,0.01575352112676056,0.07540845070422535
$SPX,2016-10-26,1317,1052,2136.969971,2139.429932,3775200000.0,0.027003412969283193,0.04733703071672356,0.05657423208191126
$XLK,2016-10-26,129,132,47.419998,47.549999,6220600.0,0.20315258620689647,0.004198275862068966,0.07952586206896549
$XLF,2016-10-26,115,70,19.6,19.809998999999998,40354900.0,0.09800190476190475,0.02396190476190477,0.06262857142857142
$AAPL,2016-10-26,6590,5532,114.309998,115.589996,65801400.0,0.06753432933836803,0.03894861270727305,0.06702134296503072
$GOOG,2016-10-26,434,283,806.340027,799.070007,1608900.0,0.05642796208530804,0.029298578199052135,0.05129620853080569
$GS,2016-10-26,351,459,174.78999299999998,177.070007,2528100.0,0.08644658753709197,0.030735905044510375,0.06735608308605336
$JPM,2016-10-26,236,379,68.370003,69.129997,9711600.0,0.11488043478260876,0.026269565217391305,0.06836521739130438
$SPX,2016-10-27,1311,1167,2144.060059,2133.040039,4204830000.0,0.026098777292576467,0.049359825327510924,0.05633013100436679
$XLK,2016-10-27,77,40,47.759997999999996,47.490002000000004,8726000.0,0.15333285714285716,0.012414285714285716,0.06721428571428571
$XLF,2016-10-27,134,83,19.92,19.860001,45525700.0,0.2125017094017094,0.01352136752136752,0.08773504273504276
$AAPL,2016-10-27,4675,2264,115.389999,114.480003,31129900.0,0.044793299198575436,0.0366918967052538,0.05507279608192324
$GOOG,2016-10-27,955,937,801.0,795.349976,2568500.0,0.16059044879171444,0.02254890678941313,0.08626006904487939
$GS,2016-10-27,400,588,178.190002,177.75,3016600.0,0.2091512690355326,0.014814720812182741,0.09630964467005063
$JPM,2016-10-27,241,340,69.489998,69.230003,14141300.0,0.1733196581196579,0.016175213675213677,0.08506410256410249
$SPX,2016-10-28,1711,1165,2132.22998,2126.409912,4019510000.0,0.0400149456521738,0.04845380434782602,0.06440353260869566
$XLK,2016-10-28,49,76,47.619999,47.439999,10417100.0,0.12719565217391307,0.012934782608695652,0.059891304347826094
$XLF,2016-10-28,105,58,19.9,19.77,55673100.0,0.10432551020408164,0.024591836734693874,0.06737755102040816
$AAPL,2016-10-28,3040,1698,113.870003,113.720001,36670400.0,0.06596914383561656,0.028680136986301362,0.057525000000000034
$GOOG,2016-10-28,708,534,808.349976,795.369995,4248600.0,0.12541456752655566,0.02418209408194235,0.07502579666160854
$GS,2016-10-28,374,518,178.509995,177.139999,2034100.0,0.16482083333333364,0.022438888888888894,0.08209444444444422
$JPM,2016-10-28,246,176,69.529999,69.110001,12692600.0,0.10736554621848737,0.024415966386554622,0.07159663865546217
$SPX,2016-10-31,1431,1139,2129.780029,2126.149902,3922400000.0,0.08496545012165418,0.044338199513381985,0.07155555555555561
$XLK,2016-10-31,42,3,47.560001,47.419998,5861300.0,0.08323333333333333,0.020888888888888887,0.05372222222222223
$XLF,2016-10-31,91,21,19.870001000000002,19.74,38548000.0,-0.010138961038961043,0.05192207792207792,0.05209090909090909
$AAPL,2016-10-31,2741,1203,113.650002,113.540001,26340700.0,0.06557687150838007,0.033625325884543755,0.05935605214152702
$GOOG,2016-10-31,705,657,795.469971,784.539978,2418000.0,0.09259344023323611,0.0443760932944606,0.08036443148688054
$GS,2016-10-31,333,402,177.679993,178.240005,1818400.0,0.11415091463414627,0.013548780487804881,0.060603658536585364
$JPM,2016-10-31,203,233,69.43,69.260002,14225700.0,0.12459226804123708,0.016582474226804124,0.06835567010309276
$SPX,2016-11-01,2299,2007,2128.679932,2111.719971,4532160000.0,0.019220522749273963,0.05909099709583732,0.0655808325266215
$XLK,2016-11-01,39,6,47.52,47.009997999999996,9064700.0,0.05255454545454546,0.016545454545454547,0.03827272727272728
$XLF,2016-11-01,85,28,19.809998999999998,19.66,62583800.0,0.08811772151898735,0.031683544303797474,0.07534177215189872
$AAPL,2016-11-01,2516,1524,113.459999,111.489998,43353600.0,0.03851542597187744,0.04087303556658389,0.05498469809760122
$GOOG,2016-11-01,453,509,782.8900150000001,783.6099849999999,2404500.0,0.08750502283105026,0.0257283105022831,0.05995890410958899
$GS,2016-11-01,284,352,179.0,178.059998,2880500.0,0.10784522058823523,0.024352941176470588,0.0751838235294118
$JPM,2016-11-01,240,374,69.480003,68.970001,15414200.0,0.0728004329004329,0.02301298701298702,0.04927272727272725
$SPX,2016-11-02,2159,1752,2109.429932,2097.939941,4248580000.0,-0.016497808764940235,0.06467081673306783,0.06198306772908356
$XLK,2016-11-02,61,22,47.009997999999996,46.709998999999996,8107400.0,0.046249152542372884,0.012932203389830506,0.03247457627118643
$XLF,2016-11-02,127,102,19.620001000000002,19.530001000000002,66212200.0,0.04742436974789917,0.029907563025210075,0.04442857142857142
$AAPL,2016-11-02,2212,1202,111.400002,111.589996,28094600.0,0.034964867380176644,0.03851884597487195,0.05310656119125179
$GOOG,2016-11-02,380,535,778.200012,768.700012,1872400.0,0.10416868131868127,0.037098901098901106,0.07959615384615383
$GS,2016-11-02,182,158,177.070007,176.580002,2085200.0,0.12296327683615818,0.024881355932203395,0.06831073446327685
$JPM,2016-11-02,395,278,68.650002,68.68,12246400.0,0.2953450777202064,0.006373056994818654,0.11501813471502634
$SPX,2016-11-03,2226,1767,2098.800049,2088.659912,3886740000.0,0.018990589400693297,0.050300643883110306,0.06073254086181267
$XLK,2016-11-03,62,25,46.580002,46.259997999999996,10116500.0,0.03651090909090909,0.018309090909090907,0.036
$XLF,2016-11-03,108,83,19.549999,19.549999,53240700.0,0.04743267326732673,0.02411881188118812,0.04078217821782179
$AAPL,2016-11-03,1796,1030,110.980003,109.83000200000001,26111000.0,0.060994530321046195,0.03428359096313914,0.05994054696789545
$GOOG,2016-11-03,901,637,767.25,762.130005,1914000.0,0.027460330578512403,0.04283943329397873,0.05521015348288078
$GS,2016-11-03,317,212,176.770004,176.21000700000002,1962600.0,0.0783672185430463,0.03832450331125827,0.07333112582781458
$JPM,2016-11-03,277,296,68.860001,68.379997,10260800.0,0.036779553903345724,0.03679553903345727,0.054360594795539015
$SPX,2016-11-04,2576,2267,2083.790039,2085.179932,3837860000.0,0.035562729995720896,0.045213093709884564,0.060320924261874076
$XLK,2016-11-04,40,8,46.220001,46.18,8151200.0,0.11475333333333333,0.008866666666666667,0.04786666666666666
$XLF,2016-11-04,91,67,19.559998999999998,19.49,64151500.0,0.052871264367816105,0.06093103448275864,0.08859770114942529
$AAPL,2016-11-04,1685,763,108.529999,108.839996,30666900.0,0.08911988950276233,0.043147943523634213,0.07423143032535318
$GOOG,2016-11-04,691,609,750.659973,762.02002,2126900.0,0.10473383233532918,0.0420404191616766,0.08797754491017959
$GS,2016-11-04,343,278,176.330002,175.919998,1823900.0,0.07830892857142865,0.042919642857142844,0.08262797619047621
$JPM,2016-11-04,216,300,68.489998,67.760002,13337000.0,0.08496822429906546,0.0363785046728972,0.07376635514018695
$SPX,2016-11-07,2123,2057,2100.590088,2131.52002,3736060000.0,0.10842573454913904,0.03378824721377914,0.07516464032421483
$XLK,2016-11-07,42,9,46.860001000000004,47.18,13159500.0,0.20062500000000003,0.0035277777777777777,0.07477777777777778
$XLF,2016-11-07,114,105,19.82,19.98,56933000.0,0.1734457142857143,0.013819047619047621,0.08969523809523812
$AAPL,2016-11-07,2120,686,110.08000200000001,110.410004,32560000.0,0.051577567829457244,0.04281686046511622,0.06000242248062035
$GOOG,2016-11-07,662,354,774.5,782.52002,1585100.0,0.11119352850539281,0.02284283513097072,0.06840986132511562
$GS,2016-11-07,454,369,179.0,181.479996,2842500.0,0.09081926605504591,0.03157798165137611,0.07467889908256878
$JPM,2016-11-07,379,288,69.08000200000001,69.879997,16138300.0,0.09794061624649851,0.019935574229691885,0.056812324929971986
$SPX,2016-11-08,1720,1510,2129.919922,2139.560059,3916930000.0,0.10890505438259761,0.032447216890595015,0.07728726807421624
$XLK,2016-11-08,42,29,47.09,47.41,9691800.0,0.05248378378378378,0.007972972972972973,0.029702702702702703
$XLF,2016-11-08,120,96,19.92,19.99,62833700.0,0.03931304347826087,0.030391304347826095,0.044860869565217384
$AAPL,2016-11-08,1880,758,110.309998,111.059998,24054500.0,0.07278203427307897,0.029827529021558843,0.0557396351575456
$GOOG,2016-11-08,567,138,783.400024,790.51001,1350800.0,0.08892064631956911,0.027678635547576314,0.06812746858168761
$GS,2016-11-08,313,237,180.110001,181.919998,2643300.0,0.06854590163934428,0.02669180327868852,0.05865245901639347
$JPM,2016-11-08,321,249,69.699997,70.029999,17475400.0,0.06200779220779223,0.01610714285714286,0.04111038961038964
$SPX,2016-11-09,3334,2730,2131.560059,2163.26001,6264150000.0,0.08251660614064062,0.04483360845163425,0.07895344998349262
$XLK,2016-11-09,65,41,46.689999,47.349998,27094400.0,0.1501311475409836,0.017688524590163932,0.0728032786885246
$XLF,2016-11-09,287,205,20.540001,20.84,262152600.0,0.11327052238805974,0.03032835820895523,0.07863059701492536
$AAPL,2016-11-09,1965,856,109.879997,110.879997,58430900.0,0.06371420305102579,0.03359705418200946,0.058754865860073696
$GOOG,2016-11-09,260,121,779.9400019999999,785.3099980000001,2602700.0,0.10818440000000001,0.033836,0.07400799999999999
$GS,2016-11-09,611,532,185.0,192.630005,7809200.0,0.08254058219178073,0.025455479452054765,0.06355136986301371
$JPM,2016-11-09,629,575,71.459999,73.25,50681100.0,0.20553756260434047,0.017323873121869764,0.09445075125208667
$SPX,2016-11-10,1799,1682,2167.48999,2167.47998,6451640000.0,0.04537004830917886,0.04180857487922699,0.06183272946859914
$XLK,2016-11-10,110,66,47.619999,46.59,39515500.0,0.05424117647058824,0.02684313725490196,0.056882352941176474
$XLF,2016-11-10,412,371,21.16,21.610001,241628700.0,0.11172853470437015,0.026951156812339335,0.07274293059125961
$AAPL,2016-11-10,2322,1195,111.089996,107.790001,57123700.0,0.0814086436170214,0.036726950354609926,0.06598891843971641
$GOOG,2016-11-10,902,269,791.169983,762.5599980000001,4740100.0,0.0380466367713005,0.0366670403587444,0.0530011210762332
$GS,2016-11-10,837,769,194.529999,200.869995,11342500.0,0.14398046272493548,0.029286632390745523,0.08433290488431858
$JPM,2016-11-10,2051,2022,74.220001,76.650002,56189500.0,0.1628501759678221,0.014030165912518834,0.10045047762695
$SPX,2016-11-11,1394,1088,2162.709961,2164.449951,4988050000.0,0.04898198127925118,0.04240951638065522,0.06345865834633393
$XLK,2016-11-11,72,32,46.330002,46.73,13891300.0,0.0719779411764706,0.023691176470588236,0.05438235294117648
$XLF,2016-11-11,239,149,21.469998999999998,21.67,133530900.0,0.16086027397260272,0.021397260273972606,0.07859360730593608
$AAPL,2016-11-11,1640,706,107.120003,108.43,34094100.0,0.09205917721518969,0.03195000000000003,0.06985126582278478
$GOOG,2016-11-11,519,126,756.539978,754.02002,2394000.0,0.05808479532163745,0.03857894736842106,0.0657992202729045
$GS,2016-11-11,425,387,198.25,203.940002,6280900.0,0.24157046004842572,0.011658595641646485,0.11014527845036319
$JPM,2016-11-11,493,791,76.300003,76.690002,27475100.0,0.15828912579957316,0.013275053304904043,0.08256076759061821
$SPX,2016-11-14,1306,1047,2165.639893,2164.199951,5367200000.0,0.06891177904142957,0.037466287571080385,0.061918765231519256
$XLK,2016-11-14,84,88,46.77,46.02,18935500.0,0.06915128205128204,0.028525641025641032,0.04847435897435897
$XLF,2016-11-14,364,304,21.879998999999998,22.200001,257621700.0,0.12443739376770523,0.03255240793201134,0.0734305949008499
$AAPL,2016-11-14,2126,1498,107.709999,105.709999,50872500.0,0.06892592592592593,0.03629122272957886,0.06272907153729054
$GOOG,2016-11-14,371,224,755.599976,736.080017,3631700.0,0.07927890173410407,0.03850578034682082,0.0695664739884393
$GS,2016-11-14,605,446,204.149994,209.179993,8236100.0,0.15107427597955708,0.013202725724020441,0.07173764906303248
$JPM,2016-11-14,556,437,77.25,79.510002,45600000.0,0.09736122448979588,0.00969387755102041,0.046380333951762526
$SPX,2016-11-15,1320,2141,2168.290039,2180.389893,4543860000.0,0.04521991701244816,0.03672199170124481,0.05633858921161829
$XLK,2016-11-15,65,72,46.330002,46.669998,16832900.0,0.06525166666666667,0.009016666666666668,0.03673333333333333
$XLF,2016-11-15,317,255,22.01,22.18,119942400.0,0.04775597269624573,0.028218430034129688,0.04683617747440275
$AAPL,2016-11-15,2460,691,106.57,107.110001,32216900.0,0.06041351010101001,0.03567297979797975,0.05798358585858572
$GOOG,2016-11-15,526,162,746.969971,758.48999,2341200.0,0.02722031558185405,0.046268244575936875,0.06311834319526625
$GS,2016-11-15,426,325,206.559998,211.190002,4892400.0,0.10713527980535278,0.01488564476885645,0.06121411192214114
$JPM,2016-11-15,395,768,78.370003,79.360001,27433800.0,0.07162868421052632,0.015350000000000006,0.04499210526315787
$SPX,2016-11-16,1157,921,2177.530029,2176.939941,3830590000.0,0.054394301470588186,0.040449448529411826,0.06706985294117651
$XLK,2016-11-16,59,63,46.560001,47.099998,10122600.0,0.03844385964912281,0.014315789473684212,0.033017543859649126
$XLF,2016-11-16,235,218,21.98,21.860001,115955500.0,0.10977601809954744,0.02848416289592761,0.07777828054298636
$AAPL,2016-11-16,2333,932,106.699997,109.989998,58702500.0,0.06918747779751327,0.02981927175843693,0.05967495559502662
$GOOG,2016-11-16,494,245,755.200012,764.47998,1465200.0,0.07579769392033549,0.027777777777777776,0.06369811320754713
$GS,2016-11-16,447,283,207.350006,206.259995,5260200.0,0.11786232558139523,0.026934883720930235,0.06649999999999992
$JPM,2016-11-16,500,863,78.220001,77.400002,25714900.0,0.09449746835443035,0.03577848101265823,0.07400421940928269
$SPX,2016-11-17,1372,1052,2178.610107,2187.1201170000004,3809160000.0,0.030798104265402818,0.04078041074249609,0.05377330173775675
$XLK,2016-11-17,49,61,47.139998999999996,47.400002,8146400.0,0.12692499999999998,0.005886363636363637,0.06259090909090909
$XLF,2016-11-17,253,262,21.860001,22.16,97712600.0,0.07313504273504276,0.02726923076923077,0.05538888888888891
$AAPL,2016-11-17,1391,799,109.809998,109.949997,26964600.0,0.1062546686746988,0.02185240963855421,0.06616792168674702
$GOOG,2016-11-17,668,131,766.919983,771.22998,1287000.0,0.0629495426829269,0.0368932926829268,0.06679420731707317
$GS,2016-11-17,415,214,206.259995,209.630005,3554700.0,0.058074320987654304,0.04278024691358023,0.07049382716049381
$JPM,2016-11-17,602,656,77.93,78.019997,19176300.0,0.057679513888889034,0.04533506944444441,0.06754513888888883
$SPX,2016-11-18,1335,888,2186.850098,2181.899902,3572400000.0,0.056939820114472454,0.03243254292722812,0.05778577269010634
$XLK,2016-11-18,62,63,47.509997999999996,47.360001000000004,8813800.0,0.09743103448275864,0.01110344827586207,0.058017241379310344
$XLF,2016-11-18,184,170,22.139999,22.16,79486400.0,0.058013142857142846,0.03636,0.054062857142857135
$AAPL,2016-11-18,2427,802,109.720001,110.059998,27404300.0,0.10925206119847003,0.02535954101147473,0.07381512962175928
$GOOG,2016-11-18,846,188,771.369995,760.539978,1526200.0,0.18342832722832736,0.03753113553113551,0.12698656898656877
$GS,2016-11-18,570,289,209.86999500000002,210.350006,4263600.0,0.22867915904935943,0.018,0.12463254113345501
$JPM,2016-11-18,497,653,77.959999,77.709999,19398300.0,0.20808956158663852,0.030941544885177422,0.11857411273486425
$SPX,2016-11-21,1685,1518,2186.429932,2198.179932,3607010000.0,0.07495556986477744,0.03264906632324536,0.06053316162266594
$XLK,2016-11-21,88,42,47.529999,47.84,8975500.0,0.15685789473684209,0.01568421052631579,0.0737368421052632
$XLF,2016-11-21,208,117,22.280001000000002,22.24,71112000.0,0.0882157894736842,0.02078947368421052,0.05823684210526315
$AAPL,2016-11-21,2527,859,110.120003,111.730003,29119100.0,0.06583412828947369,0.04343749999999996,0.06993626644736857
$GOOG,2016-11-21,697,133,762.6099849999999,769.200012,1323000.0,0.06819678362573096,0.007703216374269009,0.03784795321637426
$GS,2016-11-21,547,305,211.460007,211.080002,2852800.0,0.11146534839924664,0.020883239171374777,0.06795291902071554
$JPM,2016-11-21,388,258,78.0,78.050003,11723100.0,0.17020610079575588,0.027753315649867372,0.10398408488063657
$SPX,2016-11-22,1622,1235,2201.560059,2202.939941,3957940000.0,0.07863663563829762,0.03537500000000003,0.06720279255319146
$XLK,2016-11-22,69,21,48.0,47.990002000000004,8488800.0,0.09454090909090909,0.004,0.039409090909090914
$XLF,2016-11-22,195,60,22.34,22.25,98217100.0,0.0938162162162162,0.02014594594594595,0.056491891891891896
$AAPL,2016-11-22,2095,693,111.949997,111.800003,25922600.0,0.08046449239823386,0.04160519862677787,0.06796959293771461
$GOOG,2016-11-22,824,196,772.630005,768.27002,1591800.0,0.13942318125770634,0.014727496917385943,0.07203822441430333
$GS,2016-11-22,456,170,211.36000099999998,211.11000099999998,2940700.0,0.09478110599078339,0.020479262672811048,0.06090322580645164
$JPM,2016-11-22,270,172,78.349998,78.529999,14367700.0,0.0952177865612648,0.028565217391304357,0.0731304347826087
$SPX,2016-11-23,1362,1011,2198.550049,2204.719971,3418640000.0,0.09149209486166021,0.033499604743082965,0.07496047430830043
$XLK,2016-11-23,75,81,47.959998999999996,47.799999,7955900.0,-0.08051267605633804,0.04235211267605635,0.033281690140845074
$XLF,2016-11-23,165,160,22.34,22.379998999999998,101320600.0,0.15940509554140128,0.01335031847133758,0.07077707006369427
$AAPL,2016-11-23,1701,706,111.360001,111.230003,27387900.0,0.12373710843373491,0.02761566265060243,0.07518072289156646
$GOOG,2016-11-23,666,208,767.72998,760.98999,1477400.0,0.08207123287671228,0.013878234398782344,0.04958904109589041
$GS,2016-11-23,362,216,211.5,212.309998,3717400.0,0.07227585227272726,0.01721022727272728,0.04667329545454541
$JPM,2016-11-23,157,135,78.870003,78.860001,13373700.0,0.12263154362416107,0.01935570469798658,0.0732281879194631
$SPX,2016-11-25,897,691,2206.27002,2213.350098,1584600000.0,0.08592423435419441,0.027146471371504662,0.06428362183754995
$XLK,2016-11-25,56,42,47.830002,48.0,3109500.0,0.003905660377358492,0.0053962264150943405,0.00909433962264151
$XLF,2016-11-25,126,137,22.43,22.41,33061900.0,0.17836324786324784,0.013752136752136752,0.08076068376068372
$AAPL,2016-11-25,1538,1199,111.129997,111.790001,11424400.0,0.18518262910798103,0.02357478202548625,0.0938169014084507
$GOOG,2016-11-25,471,189,764.26001,761.679993,586000.0,0.08947149122807008,0.031131578947368403,0.07128508771929824
$GS,2016-11-25,276,147,211.36000099999998,211.38000499999998,1974000.0,0.06654817518248171,0.01234671532846715,0.040116788321167884
$JPM,2016-11-25,165,79,79.099998,78.83000200000001,6184500.0,0.09244906832298133,0.013204968944099378,0.05360248447204968
$SPX,2016-11-28,1140,1036,2210.209961,2201.719971,3505650000.0,0.07018782112274012,0.040739295908658386,0.06679067554709796
$XLK,2016-11-28,73,98,47.959998999999996,48.040001000000004,7478700.0,0.01878529411764704,0.020308823529411765,0.036220588235294116
$XLF,2016-11-28,197,180,22.25,22.15,98355200.0,0.08885631578947369,0.013789473684210527,0.04522631578947369
$AAPL,2016-11-28,1753,7280,111.43,111.57,27026600.0,0.08089918080748952,0.023761849034523105,0.05952311293153891
$GOOG,2016-11-28,633,260,760.0,768.23999,2172200.0,0.08964677419354834,0.026874193548387094,0.06720806451612903
$GS,2016-11-28,320,160,210.0,210.350006,3223600.0,0.06732420382165605,0.015321656050955416,0.0419140127388535
$JPM,2016-11-28,186,224,78.18,78.32,12860100.0,0.13746793478260874,0.016336956521739138,0.06802173913043477
$SPX,2016-11-29,1197,1971,2200.76001,2204.659912,3706560000.0,0.04223559168925019,0.03814182475158086,0.054350496838301725
$XLK,2016-11-29,66,90,48.009997999999996,48.07,5928400.0,0.03167619047619047,0.03819047619047619,0.05687301587301588
$XLF,2016-11-29,118,98,22.190001000000002,22.209999,72934600.0,0.1405185840707965,0.013398230088495573,0.06242477876106193
$AAPL,2016-11-29,2006,2302,110.779999,111.459999,28459300.0,0.06723950361944153,0.039086866597724874,0.06455480868665976
$GOOG,2016-11-29,525,186,771.530029,770.840027,1604500.0,0.11387343749999997,0.018429687499999996,0.071427734375
$GS,2016-11-29,471,157,209.99000499999997,211.75,2548600.0,0.09167180616740095,0.014685022026431722,0.05204845814977975
$JPM,2016-11-29,167,141,78.389999,78.91999799999999,14098500.0,0.17770368098159522,0.02476687116564418,0.10199999999999998
$SPX,2016-11-30,1256,1044,2204.969971,2198.810059,5533980000.0,0.06556434176111581,0.04330601569311248,0.06792850915431561
$XLK,2016-11-30,75,87,48.139998999999996,47.5,11756700.0,-0.023671428571428545,0.05209999999999999,0.054100000000000016
$XLF,2016-11-30,193,183,22.52,22.51,98427100.0,0.13080000000000003,0.021508196721311476,0.0713497267759563
$AAPL,2016-11-30,1199,1194,111.599998,110.519997,35765000.0,0.11155377276669513,0.03537380745880315,0.08080659150043365
$GOOG,2016-11-30,317,174,770.070007,758.039978,2365800.0,0.07693941368078185,0.0353615635179153,0.07225732899022805
$GS,2016-11-30,1025,751,215.19999700000002,219.289993,6483800.0,0.07025167512690342,0.03563959390862946,0.06773096446700505
$JPM,2016-11-30,295,263,79.91999799999999,80.16999799999999,24820500.0,0.19679929078014163,0.010620567375886526,0.09135815602836878
$SPX,2016-12-01,1350,967,2200.169922,2191.080078,5063740000.0,0.04710125418060195,0.04606521739130438,0.06211622073578584
$XLK,2016-12-01,109,47,47.439999,46.52,21749900.0,0.07320571428571435,0.05318095238095239,0.0699142857142857
$XLF,2016-12-01,222,196,22.629998999999998,22.9,119575100.0,0.08261298076923072,0.026673076923076928,0.0648028846153846
$AAPL,2016-12-01,1945,1267,110.370003,109.489998,36825800.0,0.07937356076759058,0.04396961620469086,0.07059381663113015
$GOOG,2016-12-01,700,189,757.4400019999999,747.919983,2996900.0,0.1290445730824889,0.04062228654124458,0.09295079594790161
$GS,2016-12-01,979,775,220.92999300000002,226.63000499999998,7586800.0,0.056368577494692054,0.03712420382165607,0.05623566878980894
$JPM,2016-12-01,340,312,80.650002,81.790001,23561800.0,0.09894060606060608,0.014933333333333328,0.05108787878787877
$SPX,2016-12-02,1182,771,2191.1201170000004,2191.949951,3779500000.0,0.05660524271844663,0.03657572815533985,0.05824854368932035
$XLK,2016-12-02,121,51,46.48,46.689999,10021300.0,0.05661181818181819,0.02652727272727273,0.044199999999999996
$XLF,2016-12-02,212,126,22.84,22.65,81799600.0,0.12019267015706797,0.028010471204188484,0.0735392670157068
$AAPL,2016-12-02,1716,1239,109.16999799999999,109.900002,26409800.0,0.07527187127532758,0.037701430274135916,0.06583432657926094
$GOOG,2016-12-02,461,115,744.590027,750.5,1448700.0,0.10502550335570468,0.03528859060402683,0.08508724832214763
$GS,2016-12-02,751,475,226.0,223.36000099999998,5286600.0,0.06245068681318678,0.025050824175824174,0.050317307692307696
$JPM,2016-12-02,256,309,81.800003,81.599998,16847300.0,0.021924497991967874,0.020096385542168672,0.026349397590361454
